;audio;transcript
0;01_27_2022_chunk_6.wav;Ed è tutto grazie per averci seguito. Il tg uno torna alle 8, buona giornata.
1;01_28_2022_chunk_1.wav;Un giorno dal tg uno la corsa al Quirinale comincerà alle 11, il quinto giorno di votazioni. Il centrodestra sarebbe orientato a votare uno dei nomi proposti nei giorni scorsi. Contrario a questa scelta il centrosinistra, che per protesta potrebbe uscire dall'Aula al momento del voto.
2;01_28_2022_chunk_1.wav;Intanto il presidente della Camera Roberto Fico.
3;01_28_2022_chunk_1.wav;Ha convocato alle 10:15 la Conferenza congiunta dei capigruppo di Camera e Senato per decidere se procedere a una doppia votazione giornaliera.
4;01_28_2022_chunk_2.wav;Cresce la tensione tra Stati Uniti e Russia sulla questione Ucraina telefonata tra Zelensky e Biden.
5;01_28_2022_chunk_2.wav;Per il Presidente americano c'è la possibilità concreta che i russi invadano l'Ucraina nel mese di Febbraio.
6;01_28_2022_chunk_3.wav;La situazione Covid in Italia rallenta la curva dei contagi, calano recovery e terapie intensive e si discute della possibilità di cambiare il sistema delle fasce a colori delle regioni e anche le regole che riguardano la scuola.
7;01_28_2022_chunk_3.wav;Intanto è arrivato l'OK dell'EMA alla pillola anti COVID di freezer.
8;01_28_2022_chunk_4.wav;Tamponi sospetti e Green pass fasulli chiuso un centro analisi in provincia di Trento e Stop a un secondo punto prelievi nel capoluogo Trentino.
9;01_28_2022_chunk_4.wav;5 le persone indagate.
10;01_28_2022_chunk_5.wav;Il tennis nella semifinale degli Australian Open, in campo Matteo Berrettini e Rafa Nadal. Il punteggio al momento è di due set a uno per lo spagnolo.
11;01_28_2022_chunk_6.wav;Ed è tutto grazie per averci seguito. Il tg uno torna alle 8, buona giornata.
12;02_16_2022_chunk_1.wav;Buongiorno dal Tg uno prima primi segnali di disgelo nella crisi Ucraina, oggi è il giorno indicato dall'intelligence americana per il possibile attacco russo, ma Mosca avrebbe già iniziato il parziale ritiro delle truppe schierate al confine. Per Biden, però, il rischio di un'invasione è ancora concreto e chiede conferme dell'effettivo ritiro oggi a Bruxelles.
13;02_16_2022_chunk_1.wav;Si riuniscono i ministri della difesa della NATO, ieri telefonata tra Draghi e il Presidente ucraino Zelensky.
14;02_16_2022_chunk_1.wav;Domani Di Maio andrà a Mosca.
15;02_16_2022_chunk_2.wav;Referendum per la Consulta è inammissibile il quesito sull'eutanasia legale, perchè non sarebbe preservata la tutela minima della vita umana
16;02_16_2022_chunk_2.wav;Delusione dell'associazione Coscioni che ha promosso il quesito plauso della Cei, oggi la Corte costituzionale si pronuncerà su altri 7 referendum, tra cui quello sulla depenalizzazione della cannabis.
17;02_16_2022_chunk_3.wav;Concessioni balneari dal 2024 si cambia, via libera del Consiglio dei ministri alla riforma del settore. Quelle attuali resteranno valide fino alla fine del prossimo anno.
18;02_16_2022_chunk_3.wav;Poi le spiagge italiane torneranno allo Stato che potrà riaffidarla mediante gare pubbliche. L'obiettivo? Garantire la concorrenza ed un uso più sostenibile del demanio marittimo.
19;02_16_2022_chunk_4.wav;L'eliminazione del Green pass alla fine dello Stato di emergenza il 31 Marzo e uno scenario possibile, ma è importante completare la campagna vaccinale con le terze dosi.
20;02_16_2022_chunk_4.wav;Lo ha detto il sottosegretario alla salute costa.
21;02_16_2022_chunk_4.wav;Intanto continua a flettere la curva 70.000 i nuovi casi, 388 i decessi e prosegue la diminuzione dei ricoveri in terapia intensiva.
22;02_16_2022_chunk_5.wav;Ora le Olimpiadi di Pechino è in corso la seconda manche dello slalom speciale, dove sono in gara tre azzurri, Alex Vinatzer, Giuliano Razzoli e Tommaso Sala.
23;02_16_2022_chunk_5.wav;Primi rientri degli azzurri in Italia
24;02_16_2022_chunk_6.wav;Ed è tutto grazie per averci seguito. Il tg uno torna alle 8, buona giornata.
25;02_17_2022_chunk_1.wav;Buongiorno dal Tg uno, la Corte costituzionale ammette 5 dei sei referendum sulla giustizia, bocciati quesiti sulla responsabilità civile dei magistrati e sulle sostanze stupefacenti. Quest'ultimo spiega il Presidente della Consulta Giuliano Amato, avrebbe portato alla violazione di obblighi internazionali.
26;02_17_2022_chunk_1.wav;Quindi sul quesito sull'eutanasia respinto due giorni fa, dice, se ne occupi il Parlamento e oggi riprende alla Camera l'esame della proposta di legge sul fine vita.
27;02_17_2022_chunk_2.wav;Le reazioni della politica la Lega e promotrice, con il Partito radicale dei referendum sulla giustizia. E una vittoria clamorosa, ha commentato Matteo Salvini.
28;02_17_2022_chunk_2.wav;Giorgia Meloni di Fratelli d'Italia, soddisfatta per lo stop a quello sulle sostanze stupefacenti e appoggerà due dei referendum sulla giustizia sui quali esprimono soddisfazione Forza Italia e Italia viva.
29;02_17_2022_chunk_2.wav;Conte dei 5 Stelle avverte.
30;02_17_2022_chunk_2.wav;I quesiti non sono idonei a migliorare il servizio, noi orientati a respingerli
31;02_17_2022_chunk_2.wav;Il Pd sottolinea la centralità del Parlamento per realizzare riforme strategiche, anche per attuare il PNR.
32;02_17_2022_chunk_3.wav;Il Presidente del Consiglio Mario Draghi, a Parigi ha incontrato il Presidente francese Macron. Al centro la situazione nel Sahel, ma anche la vicenda Ucraina.
33;02_17_2022_chunk_3.wav;E oggi previsto il summit Europa Africa.
34;02_17_2022_chunk_3.wav;Ieri in visita e laboratori del Gran Sasso, il premier aveva detto, la ricerca al centro della crescita.
35;02_17_2022_chunk_3.wav;In arrivo dal cnr R 30 miliardi dedicati proprio a ricerca e istruzione.
36;02_17_2022_chunk_4.wav;Quello del ritiro delle truppe russe dal confine con l'Ucraina è un annuncio falso di Mosca, che invece ha schierato altri soldati.
37;02_17_2022_chunk_4.wav;Lo afferma la Casa Bianca, che continua a temere un attacco e chiede passi concreti di de escalation.
38;02_17_2022_chunk_4.wav;Il ministro degli Esteri Di Maio oggi a Mosca incontra il suo omologo, la prof.
39;02_17_2022_chunk_5.wav;La pandemia in Italia netto calo dei ricoveri, in una settimana sono diminuiti del 17% il 72% dei pazienti in ospedale non sono vaccinati o non hanno completato il ciclo.
40;02_17_2022_chunk_6.wav;Ed è tutto grazie per averci seguito. Il tg uno torna alle 8, buona giornata.
41;02_18_2022_chunk_1.wav;Buongiorno dal Tg uno è stata completamente evacuata la nave euro Ferri Olimpia della Grimaldi Lines, dove all'alba è scoppiato un incendio mentre era in viaggio dal porto greco di Ecumenista Verso Brindisi. Nessun ferito, a bordo c'erano 239 passeggeri e 51 membri di equipaggio.
42;02_18_2022_chunk_1.wav;Sul posto sono state inviate tre motovedette e tre rimorchiatori della guardia costiera greca. Ancora da accertare le cause del rogo.
43;02_18_2022_chunk_2.wav;Sempre più alta la tensione in Ucraina, ieri colpi di mortaio su un asilo nel Donbass.
44;02_18_2022_chunk_2.wav;Biden parla di rischio di invasione imminente da parte della Russia, mentre continuano gli sforzi della diplomazia.
45;02_18_2022_chunk_2.wav;Blinken la prossima settimana incontrerà l'omologo russo, Lavrov.
46;02_18_2022_chunk_2.wav;Il Premier Draghi è atteso a Mosca nei prossimi giorni. Oggi vertice tra Washington e i leader dell'Unione europea e della NATO.
47;02_18_2022_chunk_3.wav;Rientrato dal Consiglio europeo di Bruxelles, Draghi è andato dal Presidente Mattarella e poi ha riunito i capi delegazione dei partiti della maggioranza e ha chiesto loro coerenza dopo che il governo è andato sotto quattro volte sul milleproroghe.
48;02_18_2022_chunk_3.wav;Oggi è prevista la cabina di regia e subito dopo il Consiglio dei ministri per decidere sul caro bollette.
49;02_18_2022_chunk_3.wav;Previsto un intervento di 5 6 miliardi.
50;02_18_2022_chunk_4.wav;La pandemia in Italia previsto un graduale allentamento delle restrizioni già da questo fine settimana. Capienza degli stadi al 75% e dal 10 Marzo riaprono i bar nei cinema e nei teatri e sarà nuovamente possibile visitare i familiari in ospedale. Resta l'obbligo di green pace, ma si valuta se toglierlo all'aperto.
51;02_18_2022_chunk_4.wav;Contagi in calo per la terza settimana consecutiva, diminuiscono i ricoveri in ospedale.
52;02_18_2022_chunk_5.wav;Il calcio con l'Europa League, vittoria dell'Atalanta sulle Olympiacos, mentre il Napoli al Camp Nou pareggia con il Barcellona.
53;02_18_2022_chunk_5.wav;Lazio battuta in Portogallo dal porto e oggi torna il campionato con il derby della mole.
54;02_18_2022_chunk_6.wav;Ed è tutto grazie per averci seguito. Il tg uno torna alle 8, buona giornata.
55;02_19_2022_chunk_1.wav;Buongiorno dal Tg uno, cresce la tensione in Ucraina, secondo il Presidente americano Biden, è imminente un'invasione russa in Ucraina, ma resta comunque aperta l'opzione diplomatica. Domani colloquio telefonico tra Macron e Putin e a Monaco, si apre una conferenza sulla sicurezza ma per la prima volta senza Mosca.
56;02_19_2022_chunk_1.wav;Intanto nel Donbass aumentano gli scontri tra fazioni e in corso l'evacuazione di civili dalle repubbliche autonome verso il territorio russo.
57;02_19_2022_chunk_2.wav;E ora le misure approvate dal Consiglio dei ministri, 8 miliardi stanziati senza scostamento di bilancio di cui 05:30 destinati a famiglie e imprese per frenare i rincari delle bollette previsto anche un miliardo all'anno per 8 anni sull automotive.
58;02_19_2022_chunk_2.wav;Interventi anche sui crediti per i bonus edilizi.
59;02_19_2022_chunk_3.wav;Atteso a Brindisi il traghetto che riporterà in Italia una parte dei superstiti dell'incendio divampato due notti fa su una nave della Grimaldi Lines salpata dai gomenizza.
60;02_19_2022_chunk_3.wav;Le quasi 300 persone a bordo, tra passeggeri e membri dell'equipaggio, erano state precedentemente portate in salvo a Corfù.
61;02_19_2022_chunk_3.wav;Ripresa all'alba la ricerca dei dispersi, 10 invece i feriti. Le fiamme sarebbero partite dalla stiva.
62;02_19_2022_chunk_4.wav;La tempesta unisse, colpisce l'Europa a nord occidentale, dopo aver interessato il Regno Unito.
63;02_19_2022_chunk_4.wav;20 a 200 km all'ora e onde spettacolari nel Mare del Nord. Almeno 8 le vittime ingenti danni, caos nei trasporti, centinaia di voli, treni e traghetti sono stati cancellati.
64;02_19_2022_chunk_5.wav;Il Toro rallenta la corsa della Juventus alla Champions.
65;02_19_2022_chunk_5.wav;Il derby della mole finisce uno a uno e i bianconeri restano quarti in classifica, ma solo a più tre dall'atalanta, che ancora due partite da recuperare.
66;02_19_2022_chunk_5.wav;Oggi in campo Sampdoria Empoli, Roma Verona e Salernitana Milan.
67;02_19_2022_chunk_6.wav;Ed è tutto grazie per averci seguito. Il tg uno torna alle 13:30 buona giornata.
68;02_20_2022_chunk_1.wav;Buongiorno dal Tg uno è sempre più alta la tensione tra Mosca e Kiev, ieri al G 7 sulla sicurezza di Monaco, il Presidente ucraino Zelensky ha chiesto aiuti immediati e concreti all'Occidente. Intanto il Presidente statunitense Biden ha convocato per oggi il Consiglio per la sicurezza nazionale.
69;02_20_2022_chunk_1.wav;E il premier britannico Johnson, intervistato dalla BBC a margine del G 7, ha detto, la Russia sta pianificando la più grande guerra in Europa dal 1945 ad oggi.
70;02_20_2022_chunk_2.wav;E Stato ritrovato vivo uno dei passeggeri dispersi a bordo del traghetto della Grimaldi Lines, andato a fuoco nella notte tra giovedì e venerdì al largo di Corfù.
71;02_20_2022_chunk_2.wav;L'uomo, un cittadino bielorusso, è stato avvistato a poppa della nave. Tanto si teme il disastro ambientale per il rischio di sversamento di liquami in mare. E poco fa è arrivata a Brindisi la nave florentia con alcuni sopravvissuti all'incendio.
72;02_20_2022_chunk_3.wav;La pandemia l'Agenzia italiana del farmaco ha dato il via libera alla quarta dose di vaccino per i soggetti fortemente fragili.
73;02_20_2022_chunk_3.wav;Continua intanto a calare la curva del contagio.
74;02_20_2022_chunk_3.wav;Poco più di 50.000 in nuovi casi, 252 i decessi. Scendono anche i ricoveri.
75;02_20_2022_chunk_3.wav;Da domani tutta Italia sarà in zona gialla, eccetto Umbria e Basilicata, bianche e Friuli Venezia Giulia, arancione.
76;02_20_2022_chunk_4.wav;Si chiudono oggi le Olimpiadi invernali di Pechino, stasera nella cerimonia di chiusura portabandiera sarà Francesca Lollobrigida, che ha vinto un'altra medaglia. l'Italia conclude così al tredicesimo posto con 17 medaglie.
77;02_20_2022_chunk_5.wav;Achille Lauro ha vinto con stripper la prima edizione di una voce per San Marino e parteciperà come rappresentante della piccola Repubblica all'Eurovision Song Contest, in programma dal 10 al 14 maggio a Torino.
78;02_20_2022_chunk_5.wav;Lo ha scelto una giuria guidata da Mogol nella serata finale.
79;02_20_2022_chunk_6.wav;Ed è tutto grazie per averci seguito. Il tg uno torna alle 13:30 buona giornata.
80;05_02_2022_chunk_1.wav;Buongiorno dal Tg uno, la pandemia in Italia scendono i contagi sotto la soglia dei 100.000.
81;05_02_2022_chunk_1.wav;Si apre una fase nuova ma serve prudenza, ha detto il ministro della Salute speranza.
82;05_02_2022_chunk_1.wav;Passa da 10 a 5 giorni la quarantena anche per le persone non vaccinate, entrate in contatto stretto con un positivo.
83;05_02_2022_chunk_1.wav;In controtendenza alle Marche che da lunedì passano in zona arancione.
84;05_02_2022_chunk_2.wav;Con una grandiosa cerimonia si sono aperte le Olimpiadi invernali di Pechino.
85;05_02_2022_chunk_2.wav;Gli atleti italiani hanno sfilato avvolti nella mantella tricolore guidati dalla portabandiera Michela moioli.
86;05_02_2022_chunk_2.wav;Ultima tedofora un'atleta uigura.
87;05_02_2022_chunk_2.wav;Sugli spalti il Presidente cinese Jinping e Vladimir Putin.
88;05_02_2022_chunk_2.wav;Cominciate le gare.
89;05_02_2022_chunk_2.wav;Problemi meteo mettono a rischio la discesa libera.
90;05_02_2022_chunk_3.wav;Roma si prepara a dare l'ultimo saluto a Monica Vitti.
91;05_02_2022_chunk_3.wav;Alle 15 i funerali nella chiesa degli artisti a piazza del popolo.
92;05_02_2022_chunk_3.wav;Diretta TV su Rai Uno.
93;05_02_2022_chunk_3.wav;Ieri folla di gente comune e artisti alla Camera ardente in Campidoglio.
94;05_02_2022_chunk_4.wav;Festival di Sanremo, Gianni Morandi in 2 8 con Jovanotti per un medley dei loro successi, hanno vinto la quarta serata dedicata alle cover.
95;05_02_2022_chunk_4.wav;Al secondo posto Mahmood con Blanco e il cielo in una stanza. Al terzo posto per Elisa.
96;05_02_2022_chunk_4.wav;What a feeling, stasera la finalissima
97;05_02_2022_chunk_5.wav;Il calcio torna alla serie A con tre anticipi di campionato, alle 15 in campo Roma Genoa, alle 18 il Derby tra Inter e Milan e alle 20:45 Fiorentina Lazio.
98;05_02_2022_chunk_6.wav;Dal G uno, per il momento è tutto grazie per averci seguito. L'appuntamento è alle 13:30 buona giornata.
99;07_02_2022_chunk_1.wav;Buongiorno dalla Tg uno, continua il calo dei contagi che in tre settimane si sono quasi dimezzati. Ieri 77.000 nuovi casi con un tasso di positività stabile all'undici virgola 2%. Da oggi scattano le nuove regole sulla durata del Green Pass per i vaccinati e su DAD e quarantena a scuola.
100;07_02_2022_chunk_2.wav;La crisi Russia Ucraina, diplomazia europea in movimento, colloquio telefonico ieri tra Joe Biden e Manuel Macron, che oggi vedrà Putin a Mosca e domani sarà Kiev. Si mobilita anche il Cancelliere tedesco. Shorts che stasera andrà a Washington.
101;07_02_2022_chunk_3.wav;L'emergenza migranti è stata al centro dell'intervista di Fabio Fazio a Papa Francesco, Che tempo che fa stoppa le guerre sia all'inclusione all'accoglienza è un grido d'allarme, il Mediterraneo è diventato il più grande cimitero d'Europa. La Chiesa, sia in pellegrinaggio, dice il Pontefice.
102;07_02_2022_chunk_4.wav;Calcio la Juventus batte il Verona e scavalca il quarto posto, l'Atalanta, che ha una partita in meno, il Napoli supera il Venezia e riaccende il campionato in vista della super sfida di sabato prossimo contro l'Inter, che resta prima in classifica, 53 punti, tallonata una sola lunghezza da Napoli e Milan.
103;07_02_2022_chunk_5.wav;Le Olimpiadi invernali di Pechino al termine della prima manche del gigante femminile, Federica Brignone, terza in classifica, nessuna medaglia dalla libera maschile, mentre avanza la squadra di curling e l'italiano fischnaller ha conquistato un bronzo della prova di slittino.
104;07_02_2022_chunk_6.wav;Grazie per la vostra attenzione. Il tg uno torna alle 8. Buona giornata a tutti.
105;09_03_2022_chunk_1.wav;Buongiorno dal tg uno.
106;09_03_2022_chunk_1.wav;I ministri delle Finanze del g 7 danno l'Okay al Price Cup sul petrolio e la presidente della Commissione Ue, Ursula von der Leyen, auspica a breve un tetto anche al prezzo del gas.
107;09_03_2022_chunk_1.wav;Dura la replica di Mosca che promette ritorsioni.
108;09_03_2022_chunk_1.wav;Nord Stream blocca di nuovo il flusso del gas ufficialmente per un guasto a una turbina.
109;09_03_2022_chunk_2.wav;Il vertiginoso innalzamento dei prezzi dell'energia costituisce uno dei nodi più critici del momento attuale, è necessaria e urgente una risposta europea all'altezza dei problemi.
110;09_03_2022_chunk_2.wav;Lo scrive il Presidente Mattarella in un messaggio al forum Ambrosetti. Nel liberarsi dalla dipendenza russa per le fonti di energia, l'Europa è chiamata ancora una volta a compiere un salto in avanti in determinazione politica, integrazione, innovazione aggiunge il capo dello Stato.
111;09_03_2022_chunk_3.wav;Intanto prosegue la missione della IEA nella centrale nucleare Ucraina di Zaporozhye.
112;09_03_2022_chunk_3.wav;Alcuni tecnici dell'Agenzia internazionale per l'energia atomica resteranno stabilmente all'interno dell'impianto e martedì la IEA riferirà all'ONU sull'esito della missione.
113;09_03_2022_chunk_4.wav;Quarant'anni fa la strage di via Carini a Palermo, dove vennero uccisi il Prefetto Carlo Alberto dalla Chiesa, la moglie Emanuela Setti Carraro e un agente di scorta.
114;09_03_2022_chunk_4.wav;La città ricorda la figura simbolo nella lotta alla mafia. Ancora molti misteri da chiarire.
115;09_03_2022_chunk_5.wav;La mostra del cinema di Venezia ieri è stata la giornata di Timothy Chalamet.
116;09_03_2022_chunk_5.wav;Protagonista di Bones and doll diretto da Luca guadagnino.
117;09_03_2022_chunk_5.wav;Il primo film italiano in corsa per il Leone d'oro, si è presentato sul Red Carpet in abito rosso sangue con la schiena nuda e oggi è il turno di un'altro film italiano in concorso.
118;09_03_2022_chunk_5.wav;Monica di Andrea Pallaoro.
119;09_03_2022_chunk_6.wav;Ed è tutto per questa edizione.
120;09_03_2022_chunk_6.wav;Il tg uno torna alle 13:30.
121;09_03_2022_chunk_6.wav;Grazie per l'attenzione, arrivederci.
122;09_05_2022_chunk_1.wav;Buongiorno dal tg uno, guerra in Ucraina, sanzioni alla Russia e soluzioni economiche per fare fronte alla crisi energetica, questi i temi affrontati dai leader politici nel confronto al forum Ambrosetti di Cernobbio, a 20 giorni dal voto.
123;09_05_2022_chunk_1.wav;Per la Meloni perfezionare il PNR non è un'eresia, linea condivisa da Tajani, Forza Italia.
124;09_05_2022_chunk_1.wav;Salvini è perplesso sull'efficacia delle sanzioni alla Russia.
125;09_05_2022_chunk_1.wav;Ma per Letta Pd è pericoloso mettere in discussione atlantismo ed europeismo.
126;09_05_2022_chunk_1.wav;Conte 5 Stelle propone di tagliare cuneo fiscale e Irap.
127;09_05_2022_chunk_1.wav;Calenda terzo polo, servono 11 termovalorizzatori e tre rigassificatori.
128;09_05_2022_chunk_2.wav;La Presidente della Commissione europea von der Leyen ha ribadito il sostegno a Kiev in una telefonata con Zelensky. Trattato anche il tema di nuove sanzioni contro la Russia, Mosca minaccia l'arrivo di una tempesta globale e avverte, in futuro la situazione non può che peggiorare. Ancora attenzione alla centrale di zaporozhye.
129;09_05_2022_chunk_3.wav;Strage in Canada, dove la polizia dalla caccia a due uomini sospettati di avere ucciso a coltellate 10 persone e averne ferite almeno 15. L'attacco è stato sferrato in 13 diverse zone. Ai residenti è stato raccomandato di rimanere in casa. Il Presidente Trudeau ha definito quanto accaduto un fatto orribile e ha espresso il suo cordoglio ai familiari delle vittime.
130;09_05_2022_chunk_3.wav;Prende il via questa mattina a Parigi il processo a 8 imputati per la strage di matrice islamica Nizza. Si tratta dei complici del responsabile ucciso dalle forze dell'ordine il giorno stesso dell'attacco. Sono passati sei anni da quando un camion lanciato contro la folla sul lungomare uccise 86 persone, tra cui sei italiani.
131;09_05_2022_chunk_4.wav;Mostra.
132;09_05_2022_chunk_4.wav;Del cinema di Venezia, oggi grande attesa per Harry Styles, protagonista del film don't Worry Darling, e arriva anche il documentario fuori concorso in viaggio di Gianfranco Rosi, ieri star del Festival è stata Penelope Cruz, protagonista del terzo film italiano in concorso l'immensità di Emanuele Crialese.
133;09_05_2022_chunk_4.wav;Ed è tutto il tg uno torna alle 13:30, buon proseguimento di giornata su Rai Uno.
134;09_07_2022_chunk_1.wav;Buongiorno dal g uno, l'Italia sarà indipendente dal gas di Mosca nell'inverno del 2024 e il piano di risparmio energetico non richiederà sacrifici draconiani. Lo assicura il ministro della Transizione ecologica Roberto Cingolani.
135;09_07_2022_chunk_1.wav;Ma da Vladivostok il presidente della Federazione russa Putin torna ad attaccare l'Occidente, accusa l'Europa di sacrificare la qualità della vita per preservare la dittatura americana.
136;09_07_2022_chunk_1.wav;Le sanzioni sono un pericolo per il mondo intero aggiunge la Russia non può essere isolata.
137;09_07_2022_chunk_1.wav;Rincari energia, presentato il piano del governo per il contenimento dei consumi di gas, tra le misure previste, la produzione di energia elettrica con combustibili diversi dal gas e 1 è in meno di temperatura per il riscaldamento degli ambienti di lavoro e residenziali nelle case ridotta l'accensione dei termosifoni per un'ora.
138;09_07_2022_chunk_1.wav;Al giorno.
139;09_07_2022_chunk_2.wav;A zaporozhye si sta scherzando con il fuoco. Bisogna creare subito una zona di protezione e la richiesta del Direttore generale della IEA, l'Agenzia ONU per l'energia atomica, Rafael grossi, che è intervenuto in video collegamento al Consiglio di sicurezza delle Nazioni Unite.
140;09_07_2022_chunk_2.wav;Anche nelle ultime ore ci sono state esplosioni nella zona dell'impianto.
141;09_07_2022_chunk_3.wav;Il tennis con gli US open, niente da fare per Matteo berrettini, sconfitto ai quarti di finale dal norvegese rude per tre SET a zero.
142;09_07_2022_chunk_3.wav;Speranze azzurre riposte ora su Yannick Sinner, che affronterà lo spagnolo al cras.
143;09_07_2022_chunk_3.wav;Champions League, avvio faticoso delle italiane, sconfitta della Juventus con il Paris Saint Germain per due a uno protagonista.
144;09_07_2022_chunk_3.wav;1 1 del Milan a Salisburgo, i rossoneri partono male ma poi si riprendono oggi in campo Napoli Liverpool e Inter Bayern Monaco.
145;09_07_2022_chunk_4.wav;E tutto il TG uno torna alle 13:30 buona giornata.
146;09_10_2022_chunk_2.wav;Buongiorno dal TG uno a Londra tutto è pronto per la proclamazione di Re Carlo, terzo nel primo discorso alla nazione, il ricordo e l'omaggio alla madre Elisabetta seconda, che si è spenta due giorni fa a 96 anni, nel castello di Balmoral.
147;09_10_2022_chunk_2.wav;Carlo ha promesso di servire il paese con lealta e dedizione per tutta la vita.
148;09_10_2022_chunk_2.wav;Diretta del TG uno dalle 10:30.
149;09_10_2022_chunk_2.wav;Al Vertice straordinario europeo sull'energia è slittato l'accordo sul Price Cup, si oppongono, tra gli altri, l'Olanda e alcuni paesi dell'est.
150;09_10_2022_chunk_2.wav;I ministri hanno impegnato la stessa Commissione a presentare una proposta specifica entro metà settembre.
151;09_10_2022_chunk_3.wav;Il Presidente della Repubblica Mattarella, terminando la visita di due giorni in Albania e Macedonia del Nord, è intervenuto sul tetto al prezzo del gas. Occorre superare le ultime resistenze ha detto per porre le famiglie al riparo dalle specula.
152;09_10_2022_chunk_4.wav;La mostra del cinema di Venezia c'è attesa per il Leone d'oro che verrà assegnato questa sera.
153;09_10_2022_chunk_4.wav;Tra star e Red carpet dicono gli organizzatori, è stato il vero ritorno dopo due anni di pandemia.
154;09_10_2022_chunk_5.wav;Ed è tutto per questa edizione, il TG uno torna alle 13:30 grazie per l'attenzione, arrivederci.
155;09_12_2022_chunk_1.wav;Buongiorno dal tg uno.
156;09_12_2022_chunk_1.wav;Nel Nord Est dell'Ucraina prosegue la controffensiva dell'esercito di Kiev.
157;09_12_2022_chunk_1.wav;Che dichiara di essere arrivato a pochi chilometri dal confine russo.
158;09_12_2022_chunk_1.wav;Avanzeremo e libereremo il paese, ha detto il presidente Zelensky.
159;09_12_2022_chunk_1.wav;Alcune esplosioni si sono verificate in diverse regioni dopo un blackout elettrico che ha colpito in particolare carchivi e sumi.
160;09_12_2022_chunk_1.wav;I russi hanno lanciato missili sia dal Mar Caspio sia dal Mar Nero.
161;09_12_2022_chunk_1.wav;Ieri il Presidente francese Macron ha parlato con Putin della sicurezza della centrale nucleare di Zaja.
162;09_12_2022_chunk_2.wav;In Gran Bretagna.
163;09_12_2022_chunk_2.wav;Re Carlo terzo raggiungerà oggi Edimburgo.
164;09_12_2022_chunk_2.wav;Dove ieri è arrivato il feretro della madre, la Regina Elisabetta, dopo un viaggio nelle campagne scozzesi, accompagnato dall'omaggio di migliaia di cittadini.
165;09_12_2022_chunk_2.wav;Nel pomeriggio la cerimonia.
166;09_12_2022_chunk_2.wav;Nella cattedrale di Sant'Egidio per una messa e domani la salma verrà trasferita AA Londra.
167;09_12_2022_chunk_3.wav;7 milioni di studenti tornano in classe senza obbligo di mascherina e distanziamento.
168;09_12_2022_chunk_3.wav;Non ci sarà più neanche la didattica a distanza.
169;09_12_2022_chunk_3.wav;Prima campanella oggi per i ragazzi di Abruzzo, Lombardia, Basilicata.
170;09_12_2022_chunk_3.wav;Friuli Venezia Giulia.
171;09_12_2022_chunk_3.wav;Piemonte, Veneto e provincia di Trento.
172;09_12_2022_chunk_4.wav;Trionfo dell'Italia della pallavolo che ieri ha battuto la Polonia per tre a uno.
173;09_12_2022_chunk_4.wav;Ed è campione del mondo dopo 24 anni.
174;09_12_2022_chunk_4.wav;Abbiamo fatto qualcosa di straordinario ha detto il CT Federico De Giorgi.
175;09_12_2022_chunk_4.wav;Questi ragazzi sono speciali.
176;09_12_2022_chunk_5.wav;Formula Uno, festa a Monza nel centenario dell'Autodromo, nonostante la Ferrari di Leclerc sia arrivata solo seconda.
177;09_12_2022_chunk_5.wav;Tra il pubblico anche il capo dello Stato.
178;09_12_2022_chunk_5.wav;La vittoria alla redbull del Leader mondiale Max verstappen.
179;09_12_2022_chunk_5.wav;Fischi in pista per la safety car sul finale.
180;09_12_2022_chunk_6.wav;Ed era la nostra ultima notizia. Vi ringrazio per la vostra attenzione e vi auguro una buona giornata.
181;09_13_2022_chunk_1.wav;Buongiorno dal tg uno, mancano 12 giorni al voto, 10 di campagna elettorale, ieri il faccia a faccia organizzato dal Corriere tra il segretario del Pd Letta.
182;09_13_2022_chunk_1.wav;E la leader di Fratelli d'Italia Meloni
183;09_13_2022_chunk_1.wav;Visioni simili sulle sanzioni alla Russia.
184;09_13_2022_chunk_1.wav;Distanti sul PNR.
185;09_13_2022_chunk_2.wav;3.
186;09_13_2022_chunk_2.wav;Per Calenda, che si inserisce a distanza nel confronto, sarebbe una follia rinegoziare il piano.
187;09_13_2022_chunk_2.wav;E Oggi al Senato arriva il decreto aiuti bis.
188;09_13_2022_chunk_3.wav;La guerra in Ucraina
189;09_13_2022_chunk_3.wav;L'esercito di Kiev avanza ancora a est.
190;09_13_2022_chunk_3.wav;Abbiamo recuperato 6000 km in un mese.
191;09_13_2022_chunk_3.wav;Ha detto il presidente Zelensky, nessun negoziato fino alla liberazione completa aggiunto.
192;09_13_2022_chunk_3.wav;Le truppe di Mosca continuano a bombardare i territori persi.
193;09_13_2022_chunk_4.wav;Eh si.
194;09_13_2022_chunk_4.wav;Oggi si riunisce l'Assemblea generale delle Nazioni Unite.
195;09_13_2022_chunk_5.wav;A Bruxelles la Commissione europea si appresta a proporre ai paesi membri.
196;09_13_2022_chunk_5.wav;Un taglio obbligatorio dei consumi elettrici per contrastare i rincari.
197;09_13_2022_chunk_5.wav;Ogni paese deciderà la fascia oraria in cui applicarlo.
198;09_13_2022_chunk_6.wav;Nessun accordo per ora sul tetto il prezzo del gas.
199;09_13_2022_chunk_7.wav;Ancora un dramma nel Mediterraneo.
200;09_13_2022_chunk_7.wav;A Pozzallo, soccorsa un'imbarcazione con 26 migranti.
201;09_13_2022_chunk_7.wav;L'agenzia ONU per i rifugiati denuncia, sei persone, tra cui due bambini, sono morte di fame e sete durante la traversata.
202;09_13_2022_chunk_7.wav;Erano partiti.
203;09_13_2022_chunk_7.wav;Dalla Turchia a bordo di un barcone.
204;09_13_2022_chunk_8.wav;In Gran Bretagna il lungo addio a Elisabetta seconda.
205;09_13_2022_chunk_8.wav;Ieri il feretro della Regina.
206;09_13_2022_chunk_8.wav;Ha attraversato il Centro di Edimburgo.
207;09_13_2022_chunk_8.wav;Tra due Ali di folla.
208;09_13_2022_chunk_8.wav;Per una messa nella cattedrale di Sant'Egidio.
209;09_13_2022_chunk_8.wav;Stasera la salma della regina Raggiungera Londra.
210;09_13_2022_chunk_8.wav;E da domani sarai esposta a Westminster.
211;09_13_2022_chunk_8.wav;In mattinata Re Carlo, terzo sarà a Belfast, in Irlanda del Nord.
212;09_13_2022_chunk_8.wav;Con il sovrano anche la regina consorte Camilla.
213;09_13_2022_chunk_8.wav;E la Premier britannica Lists.
214;09_13_2022_chunk_9.wav;Era la nostra ultima notizia. Vi ringrazio per la vostra attenzione. Dal TG 1 1 buona giornata.
215;09_14_2022_chunk_1.wav;Buongiorno dal TG uno.
216;09_14_2022_chunk_1.wav;Un dossier dell'intelligence americana accusa Mosca di aver finanziato una ventina di paesi stranieri con almeno 300 milioni di dollari a partire dal 2014.
217;09_14_2022_chunk_1.wav;Si tratterebbe di paesi tra Europa, Africa e Sud Est asiatico per influenzarne la politica.
218;09_14_2022_chunk_1.wav;Il Presidente del Copasir, Durso poco fa ha detto.
219;09_14_2022_chunk_1.wav;Al momento non esistono notizie che ci sia l'Italia tra i paesi coinvolti.
220;09_14_2022_chunk_2.wav;In Ucraina, Kiev afferma di aver riconquistato l'intera regione di Kharkiv a nord-est, dopo una controffensiva lampo.
221;09_14_2022_chunk_2.wav;In un colloquio telefonico il Cancelliere tedesco Schulz ha chiesto a Putin un cessate il fuoco immediato e la riapertura dei negoziati.
222;09_14_2022_chunk_2.wav;Nella telefonata ieri tra il Premier Draghi e il presidente Zelensky.
223;09_14_2022_chunk_2.wav;L'Italia ha confermato il sostegno alla popolazione Ucraina.
224;09_14_2022_chunk_3.wav;Seconda giornata del viaggio del Papa in Kazakistan.
225;09_14_2022_chunk_3.wav;Dio conduce sempre alla pace, mai alla guerra.
226;09_14_2022_chunk_3.wav;Dobbiamo impegnarci ancora di più.
227;09_14_2022_chunk_3.wav;Così Papa Francesco nel suo discorso stamane.
228;09_14_2022_chunk_3.wav;Davanti ai leader delle religioni mondiali e tradizionali.
229;09_14_2022_chunk_3.wav;Ieri l'appello contro il rafforzamento dei blocchi contrapposti.
230;09_14_2022_chunk_3.wav;E contro l'accentuarsi delle rivalità.
231;09_14_2022_chunk_4.wav;Il feretro della Regina Elisabetta, seconda a Buckingham Palace, ieri sera ad aspettarlo.
232;09_14_2022_chunk_4.wav;Una folla rimasta in attesa per ore sotto la pioggia.
233;09_14_2022_chunk_4.wav;Oggi il corteo attraverserà alcuni luoghi simbolo del centro di Londra.
234;09_14_2022_chunk_4.wav;Fino a Westminster.
235;09_14_2022_chunk_4.wav;Sede del Parlamento.
236;09_14_2022_chunk_4.wav;Dove si aprirà la Camera ardente fino a lunedì, giorno del funerale.
237;09_14_2022_chunk_5.wav;E un mercoledì ricco di appuntamenti sportivi.
238;09_14_2022_chunk_5.wav;Cominciamo dal calcio, dalla Champions League.
239;09_14_2022_chunk_5.wav;L'Inter ha battuto due a zero in trasferta il Victoria Pilsen.
240;09_14_2022_chunk_5.wav;Oggi in campo Milan Zagabria, Juventus Benfica e il Rangers Napoli
241;09_14_2022_chunk_6.wav;Per il tennis a Bologna esordio dell'Italia in Coppa Davis contro la Croazia.
242;09_14_2022_chunk_7.wav;Mentre per il basket in serata gli azzurri in campo contro la Francia nei quarti di finale degli europei.
243;09_14_2022_chunk_8.wav;Era l'ultima notizia. Vi ringrazio per la vostra attenzione. Una buona giornata dal g uno.
244;09_15_2022_chunk_2.wav;Buongiorno dal tg uno.
245;09_15_2022_chunk_2.wav;Bombardamenti Rossi la scorsa notte su l'Ucraina centrale, danneggiata un'importante diga.
246;09_15_2022_chunk_2.wav;Zelensky ieri ha sorpresa, è stato nelle zone liberate a nord est.
247;09_15_2022_chunk_2.wav;Andremo avanti fino alla vittoria riconquisteremo la Crimea ha detto visitando la città di Zum.
248;09_15_2022_chunk_2.wav;Nella notte incidente del convoglio su cui viaggiava a Kiev il Presidente non ha riportato ferite gravi, fa sapere il suo portavoce.
249;09_15_2022_chunk_3.wav;La vicenda dei fondi russi ai partiti di una ventina di paesi. Domani il Copasir ascolterà il Sottosegretario con delega ai servizi di sicurezza Franco Gabrielli.
250;09_15_2022_chunk_3.wav;Il presidente del Comitato Urso precisa che al momento l'Italia non è coinvolta, ma dice, le cose possono cambiare.
251;09_15_2022_chunk_3.wav;Da tutti i partiti politici impegnati nella campagna elettorale, la richiesta di chiarezza immediata.
252;09_15_2022_chunk_4.wav;Prosegue a Londra l'addio alla regina Elisabetta.
253;09_15_2022_chunk_4.wav;Da ieri sera.
254;09_15_2022_chunk_4.wav;Migliaia di persone nella Westminster Hall rendono l'ultimo omaggio al feretro, che resterà esposto per quattro giorni.
255;09_15_2022_chunk_4.wav;Code lunghe chilometri per salutare la monarca, morta giovedì scorso al 96 anni.
256;09_15_2022_chunk_4.wav;Lunedì i funerali di Stato.
257;09_15_2022_chunk_5.wav;Samantha cristoforetti sarà al comando della stazione spaziale internazionale.
258;09_15_2022_chunk_5.wav;è la prima donna europea a ricoprire questo ruolo.
259;09_15_2022_chunk_5.wav;Astrosamantha è già in orbita dallo scorso Aprile.
260;09_15_2022_chunk_5.wav;Impegnata nella missione Minerva.
261;09_15_2022_chunk_5.wav;Il 28 settembre riceverà il testimone dal comandante russo.
262;09_15_2022_chunk_5.wav;Oleg parties.
263;09_15_2022_chunk_5.wav;Sono onorata.
264;09_15_2022_chunk_5.wav;Della mia nomina ha detto Cristoforetti.
265;09_15_2022_chunk_6.wav;Il calcio Champions League amara per la Juventus, sconfitta in casa dal Benfica per due a uno, bene il Milan, tre a uno alla Dinamo Zagabria.
266;09_15_2022_chunk_6.wav;E il Napoli tre a zero a Glasgow contro i Rangers.
267;09_15_2022_chunk_6.wav;Stasera a Roma e Lazio, impegnata in Europa League e Fiorentina in Conference.
268;09_15_2022_chunk_7.wav;Ed era l'ultima notizia. Vi ringrazio per la vostra attenzione. Vi auguro una buona giornata.
269;09_16_2022_chunk_2.wav;Buongiorno dal tg uno.
270;09_16_2022_chunk_2.wav;Grave ondata di maltempo sulle Marche nella serata di ieri e nella notte una bomba d'acqua ha investito la regione, 400 mm di pioggia in 2 3 ore.
271;09_16_2022_chunk_2.wav;La metà di quello che cade in un anno nella regione.
272;09_16_2022_chunk_2.wav;Il bilancio provvisorio è di 7 morti.
273;09_16_2022_chunk_2.wav;Tra i dispersi un bambino di 8 anni.
274;09_16_2022_chunk_2.wav;Paesi isolati, aree senza corrente, difficoltà nella circolazione.
275;09_16_2022_chunk_2.wav;Nella notte molte persone si sono recate negli ospedali in Stato di ipotermia.
276;09_16_2022_chunk_2.wav;Il capo della protezione civile Fabrizio Curcio sta raggiungendo le Marche.
277;09_16_2022_chunk_2.wav;Nella regione oggi scuole chiuse.
278;09_16_2022_chunk_3.wav;A cantiano, uno dei comuni più colpiti nella piazza centrale, i residenti hanno cercato scampo dall'ondata di fango e detriti rifugiandosi sui tetti delle case.
279;09_16_2022_chunk_3.wav;Nell'alto pesarese alcune frazioni risultano isolate.
280;09_16_2022_chunk_3.wav;L'ondata di piena del fiume MISA questa mattina minaccia Senigallia, già colpita dall'alluvione nel 2014.
281;09_16_2022_chunk_3.wav;Appello social del comune che invita i cittadini a tenersi lontani dagli argini e rimanere in casa portandosi ai piani alti.
282;09_16_2022_chunk_4.wav;Al Vertice asiatico di San Marcanda incontro tra il Presidente russo Putin e il cinese Shi Jinping.
283;09_16_2022_chunk_4.wav;Che ha espresso preoccupazione per la guerra in Ucraina e ha chiesto stabilità.
284;09_16_2022_chunk_4.wav;è stato il primo faccia a faccia dopo l'invasione russa.
285;09_16_2022_chunk_4.wav;Putin ha denunciato i tentativi dell'Occidente di creare un mondo unipolare.
286;09_16_2022_chunk_5.wav;Ieri incontro a Kiev tra la Presidente della Commissione europea Ursula von der Leyen e il Presidente ucraino Zelensky.
287;09_16_2022_chunk_5.wav;Assicurati i finanziamenti europei per la ricostruzione.
288;09_16_2022_chunk_5.wav;Nel discorso notturno, Zelensky ha denunciato la scoperta azeem di una fossa comune con 440 corpi.
289;09_16_2022_chunk_5.wav;Ieri nuovo appello del Papa di ritorno dal Kazakistan.
290;09_16_2022_chunk_5.wav;Ai capi di Stato ad impegnarsi per la pace, non per gli armamenti.
291;09_16_2022_chunk_6.wav;Il dibattito politico in vista delle elezioni.
292;09_16_2022_chunk_6.wav;Il segretario del Pd Letta spinge sul salario minimo e la lealtà ai valori europei.
293;09_16_2022_chunk_6.wav;Dal terzo Polo, Renzi rivendica il ruolo di centro innovatore.
294;09_16_2022_chunk_6.wav;La Lega chiede un immediato scostamento di bilancio.
295;09_16_2022_chunk_6.wav;Di 30 miliardi.
296;09_16_2022_chunk_6.wav;Per Berlusconi, se gli alleati prendessero strade diverse dalle europeismo e atlantismo Forza Italia uscirebbe dal futuro governo.
297;09_16_2022_chunk_6.wav;Meloni denuncia nuove minacce di morte con scritte a firma Brigate Rosse sui manifesti elettorali.
298;09_16_2022_chunk_6.wav;Il Movimento 5 Stelle sollecita sostegni immediati contro il caro bollette.
299;09_16_2022_chunk_6.wav;Per Di Maio di impegno civico, l'Italia isolata, con una vittoria del centrodestra.
300;09_16_2022_chunk_6.wav;Appello della lista verdi sinistra perchè non venga stravolta la legge sull'aborto.
301;09_16_2022_chunk_7.wav;Mondiali di ginnastica ritmica per la diciottenne Sofia raffaeli, ancora una medaglia d'oro nel nastro.
302;09_16_2022_chunk_7.wav;E una di bronzo nelle clavette.
303;09_16_2022_chunk_7.wav;In tutto quattro le medaglie vinte dalla campionessa azzurra.
304;09_16_2022_chunk_8.wav;Ed era l'ultima notizia. Vi ringrazio per la vostra attenzione del TG 1. 1 buona giornata.
305;09_18_2022_chunk_1.wav;Buongiorno dal Tg uno sono 11 le vittime dell'alluvione che ha colpito le Marche, mentre si cercano ancora due dispersi. Si lavora senza sosta per liberare dal fango strade, abitazioni e negozi distrutti.
306;09_18_2022_chunk_2.wav;Su quanto è accaduto è intervenuto anche Papa Francesco, l'alluvione ha provocato lutti, rovine e dolore, ha detto il Pontefice.
307;09_18_2022_chunk_2.wav;La sfida del clima merita la stessa attenzione del COVID e della guerra.
308;09_18_2022_chunk_2.wav;E prosegue l'inchiesta della procura sui ritardi e lavori mai fatti.
309;09_18_2022_chunk_3.wav;In Ucraina a momenti di paura per l'elemosiniere del Papa, il Cardinal krajewski, coinvolto in una sparatoria.
310;09_18_2022_chunk_3.wav;Con altri due vescovi e un soldato di scorta.
311;09_18_2022_chunk_3.wav;Era in missione per consegnare degli aiuti nella regione di Zaja.
312;09_18_2022_chunk_3.wav;Sto bene ha detto abbiamo caricato un pulmino di viveri e siamo andate lì dove oltre i soldati non entra nessuno.
313;09_18_2022_chunk_3.wav;Poi la sparatoria, per fortuna tutto è andato bene.
314;09_18_2022_chunk_4.wav;Improvviso, forte calo delle temperature al Centro nord.
315;09_18_2022_chunk_4.wav;Vento forte e mareggiate sulle coste.
316;09_18_2022_chunk_4.wav;A Ravenna una nave da crociera ha rotto gli ormeggi e si è allontanata dalla banchina.
317;09_18_2022_chunk_4.wav;è stata poi recuperata dalla guardia costiera.
318;09_18_2022_chunk_4.wav;Prima neve sulle Dolomiti, a Cortina e in Val Badia.
319;09_18_2022_chunk_5.wav;Continua a Londra il lungo omaggio a Elisabetta.
320;09_18_2022_chunk_5.wav;Ore in fila per rendere l'ultimo saluto alla sovrana.
321;09_18_2022_chunk_5.wav;Ieri sera a Westminster all la veglia dei nipoti con Il principe Harry che ha di nuovo indossato la divisa.
322;09_18_2022_chunk_5.wav;E stata una donna solitaria, non c'erano donne, Primo ministro, presidenti deve essere stato molto difficile per lei. Le parole di stima per la Regina da parte di Camilla.
323;09_18_2022_chunk_6.wav;Ancora un trionfo ai Mondiali di ginnastica ritmica per Sofia Raffaeli, che si è aggiudicata la vittoria anche nell'all around.
324;09_18_2022_chunk_7.wav;L'atleta azzurra ha soli 18 anni, si conferma la più forte ginnasta al mondo.
325;09_18_2022_chunk_7.wav;Negli anticipi della serie A, sconfitte per Torino, Sampdoria e Bologna, attesa oggi per i big match Roma Atalanta e Milan Napoli.
326;09_18_2022_chunk_8.wav;Era l'ultima notizia. Vi ringrazio per la vostra attenzione. Dal TG 1 1 buona giornata.
327;09_19_2022_chunk_1.wav;Buongiorno dal tg uno questa mattina a Londra i funerali di Stato della Regina Elisabetta, centinaia di capi di Stato e di governo presenti.
328;09_19_2022_chunk_1.wav;Milioni di persone seguiranno da tutto il mondo le immagini trasmesse in diretta per quello che si annuncia come un evento mediatico senza precedenti.
329;09_19_2022_chunk_1.wav;Diretta del Tg uno, a partire dalle 10:30 il corteo funebre raggiungerà poi il castello di Windsor, dove la Regina sarà sepolta accanto al marito Principe Filippo.
330;09_19_2022_chunk_2.wav;L'alluvione nelle Marche oggi il capo della protezione civile Fabrizio Curcio torna nella regione per nuovi sopralluoghi nelle zone colpite.
331;09_19_2022_chunk_2.wav;Poi parteciperà a una riunione presso il centro coordinamento soccorsi. Sono ancora senza esito le ricerche dei due dispersi portati via dalla furia dell'acqua.
332;09_19_2022_chunk_2.wav;Per loro, ieri sera, una Veglia di preghiera a Barbara, 11 le vittime.
333;09_19_2022_chunk_3.wav;In Ucraina i russi intensificano i bombardamenti dopo i successi dell'offensiva di Kiev.
334;09_19_2022_chunk_3.wav;Nella notte colpita la città di Zaja.
335;09_19_2022_chunk_3.wav;Ieri sera ucciso un uomo nella regione di Sumi.
336;09_19_2022_chunk_3.wav;Pesante il bilancio dell'attacco contro un ospedale psichiatrico vicino a Charkiv.
337;09_19_2022_chunk_3.wav;Quattro le vittime, fra medici e pazienti.
338;09_19_2022_chunk_4.wav;Il calcio il Napoli supera in trasferta il Milan per due a uno e raggiunge in testa alla classifica l'Atalanta, che nel pomeriggio aveva battuto la Roma per uno a zero.
339;09_19_2022_chunk_5.wav;L'udinese vola al secondo posto in classifica vincendo contro l'Inter per tre a uno. Clamoroso KO della Juventus che perde uno a zero contro il neo promosso Monza. Vittorie per Lazio e Fiorentina.
340;09_19_2022_chunk_6.wav;Woody Allen dice addio al cinema dopo più di 50 film girati quattro premi Oscar, quattro Golden Globes e altri numerosi riconoscimenti, il regista newyorkese, 86 anni, annuncia che girerà un ultimo lungometraggio a Parigi, VSP twenty two, per poi ritirarsi e dice, vorrei scrivere un romanzo.
341;09_19_2022_chunk_7.wav;Ed è tutto per questa edizione. Vi ricordo che dalle 10:30 il TG uno seguirà in diretta i funerali solenni della Regina Elisabetta. Il tg torna alle 13:30 grazie per l'attenzione, arrivederci.
342;09_21_2022_chunk_1.wav;Buongiorno dal Tg uno, la minaccia nucleare di Putin e viola la Carta dell'ONU. Lo ha detto il Presidente americano Biden, intervenendo alle Nazioni Unite.
343;09_21_2022_chunk_1.wav;Mosca vuole eliminare il diritto di esistere all'Ucraina, restiamo al suo fianco.
344;09_21_2022_chunk_1.wav;Intervento da remoto anche di Zelensky accolto da un'ovazione.
345;09_21_2022_chunk_1.wav;Il presidente ucraino.
346;09_21_2022_chunk_1.wav;Ha invocato un tribunale speciale per i crimini di Mosca.
347;09_21_2022_chunk_1.wav;E ha chiesto che venga tolto alla Russia.
348;09_21_2022_chunk_1.wav;Il diritto di veto nel Consiglio di sicurezza.
349;09_21_2022_chunk_2.wav;E in Russia dilagano le proteste contro la decisione del presidente Vladimir Putin.
350;09_21_2022_chunk_2.wav;Sul richiamo di 300.000 riservisti.
351;09_21_2022_chunk_2.wav;Agenti in tenuta antisommossa in piazza da Mosca a San Pietroburgo.
352;09_21_2022_chunk_2.wav;E in altre 38 città.
353;09_21_2022_chunk_2.wav;Per reprimere le manifestazioni.
354;09_21_2022_chunk_2.wav;Oltre 1000 gli arresti.
355;09_21_2022_chunk_2.wav;Esauriti i biglietti aerei per l'estero.
356;09_21_2022_chunk_2.wav;Chilometri di fila alla frontiera con la Finlandia.
357;09_21_2022_chunk_3.wav;Dura condanna le parole di Putin dal premier Mario Draghi.
358;09_21_2022_chunk_3.wav;Che all'Assemblea generale dell'ONU ha definito il referendum in Donbass una violazione del diritto internazionale, il Presidente del Consiglio ha poi incontrato il Segretario generale dell'ONU, Guterres.
359;09_21_2022_chunk_3.wav;Unica risposta possibile, unire i nostri sforzi, ha detto al numero 1 delle Nazioni Unite.
360;09_21_2022_chunk_3.wav;Che lo ha ringraziato per la sua leadership a livello internazionale.
361;09_21_2022_chunk_4.wav;Centinaia di persone a pianello di Ostra hanno partecipato ieri ai funerali di quattro delle 11 vittime accertate.
362;09_21_2022_chunk_4.wav;Dell'alluvione nelle Marche.
363;09_21_2022_chunk_4.wav;Non accada più ha detto il vescovo di Senigallia.
364;09_21_2022_chunk_4.wav;Che l'acqua porti morti e devastazione nelle nostre case.
365;09_21_2022_chunk_4.wav;A tre castelli, l'ultimo saluto a Maria Luisa sereni.
366;09_21_2022_chunk_4.wav;Proseguono intanto le indagini delle procure di Ancona e di Urbino sui ritardi negli interventi.
367;09_21_2022_chunk_5.wav;Calcio Nations League.
368;09_21_2022_chunk_5.wav;Domani a San Siro la sfida della nazionale di calcio con l'Inghilterra.
369;09_21_2022_chunk_5.wav;Nel ritiro di Coverciano il Mister Mancini ha provato diverse soluzioni.
370;09_21_2022_chunk_5.wav;Per la formazione da schierare contro i britannici.
371;09_21_2022_chunk_5.wav;Tenuto conto anche delle assenze.
372;09_21_2022_chunk_5.wav;Probabile comunque che gli azzurri si schierino col 443.
373;09_21_2022_chunk_5.wav;Con immobile al Centro dell'attacco
374;09_21_2022_chunk_6.wav;E con questo è tutto il tg uno torna alle 13:30, grazie per averci seguito e buona giornata.
375;09_22_2022_chunk_2.wav;Sostegno ai referendum per l'annessione alla Russia annunciati nel Donbass, akerson e zaporozhye la necessita di un'operazione militare per denazificazione, ha detto l'Ucraina.
376;09_22_2022_chunk_2.wav;L'obiettivo dell'Occidente è distruggere la Russia aggiunto Putin. Useremo tutti i mezzi a disposizione per difenderci.
377;09_22_2022_chunk_3.wav;L'invasione russa in Ucraina mette a rischio i nostri ideali e la convivenza civile. Così il Presidente del Consiglio Mario Draghi, nel suo discorso a New York all'Assemblea generale delle Nazioni Unite. Il referendum per l'indipendenza ha annunciati da Putin sono un'ulteriore violazione che condanniamo con fermezza, ha aggiunto il premier.
378;09_22_2022_chunk_4.wav;In Iran sarebbero almeno tre le vittime della violenta repressione contro le proteste per la morte della ventiduenne deceduta dopo essere stata arrestata dalla polizia religiosa perchè non aveva indossato correttamente il velo.
379;09_22_2022_chunk_4.wav;Centinaia i video sui social di ragazze che si tagliano i capelli come gesto di opposizione al regime di Teheran.
380;09_22_2022_chunk_5.wav;Nelle Marche continuano le ricerche dei due dispersi a causa dell'alluvione, ritrovata l'auto della donna cinquantaseienne e le scarpe del bimbo di 8 anni.
381;09_22_2022_chunk_5.wav;Sul fronte dell'inchiesta, acquisiti i dati meteo sulle previsioni per il giorno dell'alluvione, e i tabulati telefonici, nel pomeriggio i funerali di quattro delle 11 vittime.
382;09_22_2022_chunk_6.wav;Il Covid in Italia ieri, oltre 28.000 nuovi casi e 60 morti.
383;09_22_2022_chunk_6.wav;I contagi sono in calo, dice l'Agenzia europea del farmaco, ma ci sarà un nuovo rialzo e dobbiamo stare attenti ad altre varianti.
384;09_22_2022_chunk_6.wav;Tra pochi giorni saranno distribuiti i vaccini Fighter.
385;09_22_2022_chunk_6.wav;Aggiornati su omicron 5. La sotto variante che ormai domina in Italia.
386;09_22_2022_chunk_7.wav;Ed è tutto il tg uno torna alle 13:30 buona giornata.
387;09_23_2022_chunk_1.wav;Buongiorno dal TG uno, ultime ore di campagna per le elezioni politiche, domani sarà una giornata di silenzio elettorale prima del voto di domenica.
388;09_23_2022_chunk_1.wav;Ieri pomeriggio in piazza del popolo a Roma.
389;09_23_2022_chunk_1.wav;Sul palco insieme i leader della coalizione di centrodestra.
390;09_23_2022_chunk_1.wav;Oggi la chiusura del PD.
391;09_23_2022_chunk_1.wav;E di tutti gli altri partiti.
392;09_23_2022_chunk_2.wav;Al Consiglio di sicurezza Onu, scontro fra il ministro degli Esteri russo e il Segretario di Stato americano.
393;09_23_2022_chunk_2.wav;Blinken inaccettabile che Putin mini l'ordine mondiale.
394;09_23_2022_chunk_2.wav;Lavrov ha abbandonato la riunione dopo aver accusato Kiev e i suoi alleati occidentali di impunità nel Donbass.
395;09_23_2022_chunk_2.wav;E proprio nelle quattro regioni occupate dai filorussi oggi si apre il voto per i contestati referendum di annessione indetti da Mosca.
396;09_23_2022_chunk_2.wav;In molte città russe.
397;09_23_2022_chunk_2.wav;Proteste e arresti dopo l'annuncio della mobilitazione dei riservisti, si parla di un milione di coscritti.
398;09_23_2022_chunk_3.wav;8 giorni fa l'alluvione nelle Marche nelle zone colpite si contano i danni pesantissimi causati da acqua e fango.
399;09_23_2022_chunk_3.wav;Si cercano ancora i due dispersi.
400;09_23_2022_chunk_3.wav;Tra cui il piccolo Mattia di 8 anni.
401;09_23_2022_chunk_3.wav;Ieri la visita nei luoghi del disastro.
402;09_23_2022_chunk_3.wav;Della ministra dell'Interno lamorgese.
403;09_23_2022_chunk_4.wav;Fine settimana di maltempo, da domani in arrivo una perturbazione al Centro nord.
404;09_23_2022_chunk_4.wav;Che si intensificherà domenica.
405;09_23_2022_chunk_4.wav;Possibili nubifragi in particolare lungo le coste.
406;09_23_2022_chunk_4.wav;Prevista neve sulle Alpi anche a quote basse per il periodo.
407;09_23_2022_chunk_4.wav;Paura ma danni lievi per alcune scosse di terremoto avvertite ieri in Liguria, Marche, Sicilia e sull'Appennino Tosco Emiliano.
408;09_23_2022_chunk_5.wav;Il re del tennis Roger Federer chiuderà questa sera a Londra la sua leggendaria carriera.
409;09_23_2022_chunk_5.wav;In un attesissimo doppio con l'amico e rivale di sempre, Rafa Nadal.
410;09_23_2022_chunk_5.wav;In campo insieme per la Laver Cup.
411;09_23_2022_chunk_5.wav;Contro gli americani Tiafoe e Sox.
412;09_23_2022_chunk_6.wav;Siamo al calcio, stasera l'Italia scende in campo a San Siro contro l'Inghilterra.
413;09_23_2022_chunk_6.wav;Nella quinta giornata della fase a gironi della Nations League.
414;09_23_2022_chunk_6.wav;Diretta su questa rete dopo il tg delle 20.
415;09_23_2022_chunk_7.wav;E con questo è tutto il TG uno torna alle 13:30, grazie per averci seguito e buona giornata.
416;09_24_2022_chunk_1.wav;Buongiorno dal Tg uno e l'Italia al voto domani, 25 settembre, si svolgeranno le elezioni politiche per il rinnovo della Camera dei deputati e del Senato. Le urne saranno aperte dalle 22:53 oggi il silenzio elettorale.
417;09_24_2022_chunk_2.wav;In Ucraina ancora un missile su Zap origa, molte le vittime fa sapere il sindaco.
418;09_24_2022_chunk_2.wav;Secondo giorno del referendum indetto da Mosca per l'annessione dei territori occupati.
419;09_24_2022_chunk_2.wav;Dai filmati emerge che soldati armati costringono la gente a votare casa per casa. Un referendum farsa, dichiara Kiev. Intanto continua la fuga dei russi, riservisti richiamati dalla mobilitazione parziale decisa da Putin.
420;09_24_2022_chunk_3.wav;La vicenda di saman, la pakistana che si era ribellata ad un matrimonio combinato.
421;09_24_2022_chunk_3.wav;La ragazza era scomparsa da novellara e il corpo non è stato ritrovato. In un'intercettazione il padre dice, lo uccisa io per la mia dignità.
422;09_24_2022_chunk_3.wav;In una foto postata sui social in cui la giovane baciava il suo fidanzato.
423;09_24_2022_chunk_3.wav;I genitori della ragazza sono fuggiti in Pakistan e l'Italia ne ha chiesto mesi fa l'estradizione.
424;09_24_2022_chunk_4.wav;Roger Federer ha giocato ieri sera la sua ultima partita assieme al suo amico rivale di sempre Nadal, col quale ha giocato nel doppio in Laver Cup, ha perso contro gli americani socs e tiafoe.
425;09_24_2022_chunk_4.wav;In tre SET.
426;09_24_2022_chunk_4.wav;Alla fine le lacrime di Federer, il saluto ai suoi fan e alla sua famiglia.
427;09_24_2022_chunk_4.wav;Oggi il quarantunenne.
428;09_24_2022_chunk_4.wav;Ha vinto 20 Slam, sei atp finals e per 8 volte Wimbledon.
429;09_24_2022_chunk_4.wav;Ha giocato oltre 1500 match in 24 anni.
430;09_24_2022_chunk_5.wav;Calcio Nations League, a San Siro con un gol di raspadori, l'Italia batte l'Inghilterra per uno a zero e resta in corsa per conquistare il primo posto nel girone.
431;09_24_2022_chunk_5.wav;Lunedì la partita con l'Ungheria.
432;09_24_2022_chunk_6.wav;E tutto tra poco la diretta del tg uno sul viaggio di Papa Francesco ad Assisi, il telegiornale torna alle 13:30 grazie per essere stati con noi e buona giornata.
433;09_26_2022_chunk_1.wav;Buongiorno dal TG uno.
434;09_26_2022_chunk_1.wav;è in corso lo spoglio delle elezioni politiche. Fratelli d'Italia è il primo partito con oltre il 26%.
435;09_26_2022_chunk_1.wav;Il Pd, secondo partito sopra il 19%.
436;09_26_2022_chunk_1.wav;Terzo partito I 5 Stelle intorno al 15%.
437;09_26_2022_chunk_2.wav;Lega al 9 Forza Italia superenalotto poco sotto, l'otto per 100 azione di Calenda.
438;09_26_2022_chunk_2.wav;Alleanza Verdi e Sinistra sfiora il 4%.
439;09_26_2022_chunk_2.wav;Il centrodestra è la prima coalizione, supera il 44%, non entrano in Parlamento impegno civico di Di Maio e italexit di paragone.
440;09_26_2022_chunk_3.wav;Le prime reazioni politiche la leader di Fratelli d'Italia, Giorgia Meloni ha detto.
441;09_26_2022_chunk_3.wav;Dagli italiani è arrivata un'indicazione chiara per un governo di centrodestra a guida Fratelli d'Italia, il primo partito.
442;09_26_2022_chunk_3.wav;E un voto di orgoglio e riscatto, ma la situazione con cui dobbiamo confrontarci, in Italia e nell'Unione europea è particolarmente complessa e richiede il contributo e rispetto di tutti.
443;09_26_2022_chunk_3.wav;è il tempo della responsabilità, l'obiettivo è unire l'Italia.
444;09_26_2022_chunk_3.wav;Salvini sui social ha commentato con un grazie.
445;09_26_2022_chunk_3.wav;Per Berlusconi Forza Italia è stata decisiva dal Pd, Debora Serracchiani ha parlato di giornata triste per il paese con la vittoria della destra.
446;09_26_2022_chunk_3.wav;Conte leader del Movimento 5 Stelle, siamo il primo partito al Sud Italia, la nostra è stata una rimonta significativa, difenderemo il reddito di cittadinanza.
447;09_26_2022_chunk_4.wav;In Iran continuano le manifestazioni in oltre 50 città, dopo la morte di adite najafi è stata colpita da sei proiettili virale il video dove era senza veli najafi era il simbolo delle proteste dopo la morte di Masha Amini, la ventiduenne curda uccisa dalla polizia morale dopo il suo arresto per. Come indossava il velo.
448;09_26_2022_chunk_5.wav;In Russia continuano le proteste contro la mobilitazione annunciata da Putin con il richiamo alle armi, 800 le persone incarcerate, violenti scontri tra manifestanti e polizia si sono verificati nel Daghestan a maggioranza musulmana.
449;09_26_2022_chunk_6.wav;Il calcio Nations League questa sera l'Italia ha affronta l'Ungheria nell'ultima partita della fase a gironi per conquistare le Final Four. Gli azzurri devono battere i magiari diretta TV su questa rete al termine del TG delle 20.
450;09_26_2022_chunk_7.wav;Ed è tutto per questa edizione la linea va a Monica Maggioni per lo speciale elezioni, grazie per l'attenzione.
451;09_27_2022_chunk_1.wav;Buongiorno dal tg uno.
452;09_27_2022_chunk_1.wav;Il centrodestra vince le elezioni politiche con il 44% dei consensi.
453;09_27_2022_chunk_1.wav;Fratelli d'Italia primo partito al 26%, in forte calo la Lega, tiene Forza Italia nel Pd Enrico Letta, non si ricandiderà a guidare il partito sceso al 19%.
454;09_27_2022_chunk_1.wav;Il Movimento 5 stelle terzo partito e azioni Italia viva si ferma al 7 e 7 nelle regionali in Sicilia ha vinto Renato Schifani, candidato del centrodestra.
455;09_27_2022_chunk_2.wav;Le reazioni internazionali dagli Stati Uniti il Segretario di Stato blinken definisce l'Italia un partner importante e si dice pronto a lavorare insieme alle sfide globali.
456;09_27_2022_chunk_2.wav;Bruxelles esprime fiducia sulla cooperazione con il nuovo governo il Presidente francese Macron, rispetto per la scelta democratica degli italiani, continuare a lavorare insieme come europei.
457;09_27_2022_chunk_3.wav;In Russia non si fermano le proteste contro l'arruolamento di massa disposto da Putin. Decine di migliaia di persone già fuggite all'estero, mentre il Cremlino ammette qualche errore e per ora non chiude le frontiere.
458;09_27_2022_chunk_3.wav;In Ucraina, pesanti bombardamenti russi su Microlife e Zaporozhye.
459;09_27_2022_chunk_4.wav;E stato un successo il primo esperimento di difesa planetaria promosso dalla NASA all'una e 15 di questa notte la sonda darth ha colpito l'asteroide dai Murphy per deviarne la traiettoria.
460;09_27_2022_chunk_4.wav;L'operazione spaziale è stata documentata dal satellite li si Cube di fabbricazione italiana.
461;09_27_2022_chunk_5.wav;Il calcio Nations League l'Italia batte in trasferta l'Ungheria per due a zero e conquista il primo posto nel girone, le Final Four che si giocheranno a metà giugno.
462;09_27_2022_chunk_5.wav;Gol azzurri realizzati da raspadori e di Marco.
463;09_27_2022_chunk_6.wav;Ed è tutto per questa edizione, il TG uno torna alle 13:30 grazie per l'attenzione, arrivederci.
464;09_28_2022_chunk_2.wav;Buongiorno dalla TG uno, si avanza l'ipotesi di un sabotaggio per le fughe di gas avvenute contemporaneamente su tre linee dei gasdotti North Stream uno e due nel Mar Baltico. I paesi dell'area tra cui la Germania e il Nazareno. Il livello di allerta e parlano di un attacco deliberato. il Cremlino chiede un'indagine, ma intanto le perdite si ripercuotono già sul prezzo del gas.
465;09_28_2022_chunk_3.wav;In Ucraina si sono conclusi i referendum nelle quattro regioni occupate dalla Russia, secondo i dati diffusi dalle commissioni elettorali, oltre il 95% ha optato per l'annessione alla Russia. Mosca potrebbe annunciare l'annessione già venerdì.
466;09_28_2022_chunk_3.wav;Sarebbe un crimine, dice il presidente ucraino zelensky, referendum senza legittimità, ha ribadito il Segretario generale della NATO Stoltenberg. Posizione condivisa dall'Unione europea.
467;09_28_2022_chunk_4.wav;La Commissione europea ha approvato la seconda tranche di finanziamenti da 21 miliardi di euro del PNR, che arriveranno tra due mesi. Via libera atteso e accolto con soddisfazione da Palazzo Chigi, che confida di raggiungere entro fine anno altri 55 obiettivi che daranno diritto ad una terza rata da 19 miliardi di euro.
468;09_28_2022_chunk_5.wav;Giorgia Meloni al lavoro per definire la squadra di governo, alla leader di Fratelli d'Italia le congratulazioni di Zelensky, a cui Meloni risponde garantendo leale sostegno all'Ucraina.
469;09_28_2022_chunk_5.wav;A Roma l'incontro con il coordinatore di Forza Italia Antonio Tajani, mentre a Milano il Consiglio federale della Lega rinnova la fiducia a Matteo Salvini.
470;09_28_2022_chunk_5.wav;Nel centrosinistra il Pd guarda al Congresso anticipato e si prepara a fare dura opposizione di celletta. I 5 Stelle mettono in cima all'agenda salario minimo il reddito di cittadinanza. Nel terzo Polo Calenda e Renzi lavorano a gruppi parlamentari comuni.
471;09_28_2022_chunk_6.wav;Ai Mondiali di pallavolo femminili l'Italia ha battuto il Belgio tre a uno e si porta così al comando del girone a punteggio pieno.
472;09_28_2022_chunk_6.wav;Le azzurre scenderanno di nuovo in campo domani contro il Kenya.
473;09_28_2022_chunk_7.wav;Ed è tutto per questa edizione, TG uno torna alle 13:30 grazie per l'attenzione, arrivederci.
474;09_29_2022_chunk_1.wav;Buongiorno dal Tg uno, Giorgia Meloni prosegue gli incontri con gli alleati per la formazione del governo. Ieri un'ora di faccia a faccia con Salvini. La leader di Fratelli d'Italia si dice ottimista, il Pd Letta convoca la direzione per giovedì prossimo, aprendo così il percorso verso il Congresso su indicazione della Cassazione, il Viminale ha modificato il conteggio dei voti Riassegnando molti seggi in tutta Italia.
475;09_29_2022_chunk_1.wav;La novità più eclatante, l'elezione di Umberto Bossi a Varese.
476;09_29_2022_chunk_2.wav;Il Consiglio dei ministri ha varato la nota di aggiornamento al documento di economia e Finanza, si prevede un rallentamento del PIL italiano nel 2023 a più 0,6%, dovuto principalmente alle ripercussioni del caro energia e a causa dell'inflazione.
477;09_29_2022_chunk_2.wav;Deficit in calo in discesa anche l'inflazione al 04:30 per 100.
478;09_29_2022_chunk_3.wav;Si indaga sulle cause delle falle scoperte nei gasdotti Nord Stream uno e due.
479;09_29_2022_chunk_3.wav;Washington sospetta Mosca di averli sabotati, la Russia nega e accusa a sua volta gli Stati Uniti.
480;09_29_2022_chunk_3.wav;Per la Germania i gasdotti rischiano di essere irrecuperabili. Questa mattina la Guardia costiera svedese ha reso noto che sono quattro in totale le perdite sulle linee del gasdotto e due si trovano nella zona economica svedese.
481;09_29_2022_chunk_3.wav;Bruxelles annuncia l'ottavo pacchetto di sanzioni contro la Russia, all'esame il varo del Price capsula, il gas russo.
482;09_29_2022_chunk_4.wav;E stato fermato dalla Procura di Napoli un collaboratore scolastico per l'omicidio di Marcello toscano, l'insegnante di sostegno trovato senza vita nel nel cortile di una scuola Melito.
483;09_29_2022_chunk_4.wav;Anche oggi prosegue il lavoro dei carabinieri del Ris sul luogo del delitto. Al vaglio le telecamere di sorveglianza nei pressi della scuola.
484;09_29_2022_chunk_5.wav;Svolta nel mondo del calcio Maria Sole Ferrieri Caputi sarà la prima donna ad arbitrare una partita di serie A.
485;09_29_2022_chunk_5.wav;Accadrà domenica 2 ottobre in occasione di Sassuolo Salernitana.
486;09_29_2022_chunk_5.wav;Maria Sole, 32 anni, ha iniziato a dirigere gare di calcio quando aveva 17 anni.
487;09_29_2022_chunk_5.wav;A 31 l'arrivo in serie.be ora la serie A.
488;09_29_2022_chunk_6.wav;Ed è tutto per questa edizione, il TG uno torna alle 13:30 grazie per l'attenzione, arrivederci.
489;09_30_2022_chunk_1.wav;Buongiorno dal TG uno, l'autorità dell'energia ha certificato gli aumenti delle bollette della luce che dal 1 ottobre cresceranno del 59% a causa dell'invasione russa in Ucraina.
490;09_30_2022_chunk_1.wav;Oggi Vertice straordinario dei ministri europei dell'energia alla ricerca di un'intesa sul prezzo del gas, la Germania ha annunciato distanziare 152 100 miliardi per famiglie ed imprese tedesche. Il Premier Draghi ribadisce che la crisi energetica richiede una risposta comune da parte dell'Europa.
491;09_30_2022_chunk_2.wav;In Russia è il giorno in cui Putin comunicherà l'annessione delle regioni occupate in Ucraina. Sul fronte proseguono i combattimenti questa mattina missili russi hanno colpito un convoglio umanitario civile in uscita da zaja. Almeno 23 le vittime e 28 i feriti.
492;09_30_2022_chunk_3.wav;L'emergenza energetica è il primo punto dell'agenda di Giorgia Meloni, serve una risposta europea, scrive in una nota nessuno Stato membro può offrire soluzioni efficaci da solo, senza una strategia comune. Prosegue intanto il lavoro per la squadra di governo di centrodestra.
493;09_30_2022_chunk_3.wav;Nel centrosinistra, Pd concentrato sul percorso verso il Congresso e sull'opposizione che svolgerà in Parlamento.
494;09_30_2022_chunk_3.wav;Dai 5 Stelle Conte in pressing sulle bollette azioni Italia viva, Calenda ribadisce un'opposizione costruttiva.
495;09_30_2022_chunk_4.wav;Attentato kamikaze a ovest di Kabul, 32 morti oltre 40 feriti, secondo una fonte del governo afghano, l'esplosione è avvenuta all'interno di un centro educativo nel quartiere abitato da sciiti, dove erano presenti almeno 150 ragazzi. Un uomo ha sparato alla Guardia dell'Istituto, poi ha saltato l'Aula e fatto detonare la sua cintura esplosiva.
496;09_30_2022_chunk_4.wav;Tra gli studenti.
497;09_30_2022_chunk_4.wav;Ancora nessuna rivendicazione dell'attacco.
498;09_30_2022_chunk_5.wav;I mondiali di pallavolo femminile.
499;09_30_2022_chunk_5.wav;Quarta vittoria per l'Italia che batte anche il Kenya, domenica l'ultima partita del girone contro l'Olanda padrona di casa.
500;09_30_2022_chunk_6.wav;Ed è tutto per questa edizione, il TG uno torna alle 13:30 grazie per l'attenzione, arrivederci.
501;10_01_2022_dx_chunk_1.wav;Buongiorno dal Tg uno, il Presidente russo Putin ha firmato l'annessione dei territori occupati dell'Ucraina dopo i referendum farsa condannati dalla comunità internazionale.
502;10_01_2022_dx_chunk_1.wav;Sono nostri per sempre, li difenderemo con ogni mezzo, ha detto tornando a minacciare gli Stati Uniti e l'Occidente.
503;10_01_2022_dx_chunk_2.wav;Pronta la reazione degli Stati Uniti al discorso del Presidente russo, non ci faremo intimidire ha detto il presidente Biden, ribadendo che non riconosceranno mai quei territori come Russia.
504;10_01_2022_dx_chunk_2.wav;Al Consiglio di sicurezza dell'ONU, veto di Mosca alla risoluzione contro il referendum, unanime la condanna dell'annessione dall'Unione europea per la NATO e l'escalation più grave dall'inizio della guerra.
505;10_01_2022_dx_chunk_3.wav;Ieri a Bruxelles il Vertice dei ministri dell'energia, nessuna intesa sul tetto generalizzato al prezzo del gas su cui spingono Italia e Francia, mentre la Germania frena anche la Commissione lo definisce una misura troppo radicale, rischiosa.
506;10_01_2022_dx_chunk_3.wav;Accordo invece tra i 27 sul taglio ai consumi e il tetto agli extra profitti dei produttori di energia.
507;10_01_2022_dx_chunk_4.wav;Non si placa l'ondata di maltempo, danni per pioggia e vento nell'agro pontino ed in Sicilia, dove un pullman è finito fuori strada per una tromba d'aria.
508;10_01_2022_dx_chunk_4.wav;Tra i feriti in modo lieve, oggi ancora allerta gialla sulle regioni del centro e del Sud e a Senigallia, il fiume MISA torna a salire.
509;10_01_2022_dx_chunk_5.wav;Il calcio dopo la pausa per la nazionale torna il campionato. Tre gli anticipi di oggi nel pomeriggio, Napoli Torino e Inter Roma. Stasera in campo i campioni in carica del Milan a Empoli.
510;10_01_2022_dx_chunk_6.wav;Ed è tutto per questa edizione, il Tg uno torna alle 13:30 grazie per l'attenzione, arrivederci.
511;10_02_2022_chunk_1.wav;Buongiorno dal Tg uno, in Ucraina una seconda strage di civili in pochi giorni nel territorio di Carchi va a kjfk, Kiev accusa l'esercito russo di aver bombardato un convoglio in fuga tra le vittime, donne e bambini. E intanto l'esercito ucraino, all'indomani dell'annessione di Mosca, riconquista la città di Liman nella regione di Donetsk e del presidente Zelensky si rivolge ai russi e dice.
512;10_02_2022_chunk_1.wav;Abbandonate Putin o vi uccidera tutti
513;10_02_2022_chunk_2.wav;Sul fronte del gas c'è stato ieri all'inaugurazione del gasdotto tra Grecia e Bulgaria, l'intervento della Presidente della Commissione europea Ursula von der Leyen, che ha lanciato agli Stati membri un appello per la fine delle divisioni per creare insieme un'Unione europea dell'energia.
514;10_02_2022_chunk_3.wav;Prima uscita pubblica dopo la vittoria, le elezioni per Giorgia Meloni, ieri al villaggio della Coldiretti a Milano. Vogliamo dare risposte immediate ed efficaci ai problemi degli italiani ha detto prima l'incontro ad Arcore con Berlusconi e l'intesa per un esecutivo di alto profilo. Intanto nella Lega nasce la prima corrente con Umberto Bossi che vara il Comitato del Nord, mentre le opposizioni preparano le loro proposte.
515;10_02_2022_chunk_3.wav;Sul caro energia da portare in Parlamento.
516;10_02_2022_chunk_4.wav;è di 174 morti il bilancio ufficiale degli scontri scoppiati al termine di una partita di calcio a Malanga, in Indonesia. più di 200 i feriti. Le violenze sono cominciate con l'invasione di campo da parte dei tifosi della squadra sconfitta. La polizia ha cercato di disperderli con lacrimogeni, ma molti sono morti nella calca.
517;10_02_2022_chunk_5.wav;Il calcio e il Napoli in testa al campionato dopo la vittoria per tre a uno sul Torino, la Roma batte l'Inter a San Siro per due a uno, il Milan Espugna a Empoli nei minuti di recupero e oggi in campo, tra le altre, la Lazio, l'Atalanta e la Juventus.
518;10_02_2022_chunk_6.wav;Ed è tutto per questa edizione del TG uno, torna alle 13:30 grazie per l'attenzione e arrivederci.
519;10_03_2022_chunk_1.wav;Un giorno dal g uno nella lingua dei segni, la guerra in Ucraina, oggi a Mosca la Duma ratifica l'annessione delle quattro regioni, dopo i referendum non riconosciuti dalla comunità internazionale, la Farnesina convoca l'ambasciatore russo a Roma, un'azione coordinata con gli altri paesi europei.
520;10_03_2022_chunk_1.wav;Al fronte avanza la controffensiva dell'esercito di Kiev, liberati due villaggi nella provincia di Carson.
521;10_03_2022_chunk_2.wav;Sul fronte dell'energia e della strategia per contenere i rincari del gas in Europa si apre una settimana di incontri e vertici importanti. Il ministro Cingolani ha reso noto che nelle prossime ore arriverà la proposta italiana per un nuovo indice di prezzo a livello europeo.
522;10_03_2022_chunk_2.wav;Oggi la Danimarca ha reso noto che la perdita nel gasdotto Nord Stream uno si è fermata.
523;10_03_2022_chunk_3.wav;Il Brasile va al ballottaggio nelle elezioni presidenziali, l'Aula non ce l'ha fatta ad avere la maggioranza al primo turno, smentendo i pronostici favorevoli a suo vantaggio.
524;10_03_2022_chunk_3.wav;Lo sfidante, il Presidente uscente Bolsonaro lo segue a poca distanza, tutto è rimandato al ballottaggio del 30 ottobre.
525;10_03_2022_chunk_4.wav;La Farnesina sta verificando la notizia dell'arresto di Alessia piperno in Iran. I genitori della giovane, ieri, in un post pubblicato sui social, hanno reso noto che la figlia, dopo quattro giorni di silenzio, è riuscita a chiamare l'Italia dicendo di essere rinchiusa in un carcere di Teheran.
526;10_03_2022_chunk_4.wav;Ignote le ragioni dell'arresto.
527;10_03_2022_chunk_5.wav;Il calcio nell'ottava giornata della serie A l'Atalanta vince uno a zero in casa contro la Fiorentina.
528;10_03_2022_chunk_5.wav;E torna in vetta alla classifica insieme al Napoli.
529;10_03_2022_chunk_5.wav;Ritrova la vittoria la Juventus che batte tre a zero il a Torino, il Bologna all'olimpico, la Lazio passeggia quattro a zero sullo Spezia. Esonerato l'allenatore della Sampdoria dopo la sconfitta della squadra con il Monza.
530;10_03_2022_chunk_5.wav;Oggi in campo Verona Udinese.
531;10_03_2022_chunk_6.wav;Ed è tutto il TG uno torna alle 13:30 buona giornata.
532;10_04_2022_chunk_1.wav;Buongiorno dal Tg uno, l'energia è una priorità, per questo serve fare presto per la formazione del governo. Ci sono scadenze importanti. Lo ha detto la leader di Fratelli d'Italia Giorgia Meloni, ieri sera al termine di una giornata di lavoro a Montecitorio. La transizione sarà ordinata nel rispetto delle Istituzioni, non c'è nessun inciucio con il governo in carica, ha aggiunto Meloni.
533;10_04_2022_chunk_2.wav;Al termine della riunione a Lussemburgo, l'Eurogruppo ha sollecitato il coordinamento per una risposta adeguata alla crisi energetica. Slitta la presentazione della proposta della Commissione europea sul tetto al prezzo del gas. La Presidente della Commissione von der Leyen ha deciso di definirla dopo l'incontro del Sei 7 ottobre a Praga, dove è previsto.
534;10_04_2022_chunk_2.wav;Vertice dei capi di Stato e di governo dell'Unione.
535;10_04_2022_chunk_3.wav;Missile balistico lanciato dalla Corea del Nord, sorvola il Giappone, ferma condanna dalla comunità internazionale, il Primo ministro giapponese Kishida ha parlato di atto di violenza che segue i ripetuti e recenti lanci di missili balistici. gli Stati Uniti si sono consultati con il Giappone e la Corea del Sud per una risposta che definiscono robusta.
536;10_04_2022_chunk_4.wav;La guida Suprema religiosa iraniana, l'ayatollah Khamenei, ha definito un triste incidente la morte di Masa Amini e si è scagliato contro le manifestazioni di protesta.
537;10_04_2022_chunk_4.wav;Washington condanna la repressione delle milizie iraniane.
538;10_04_2022_chunk_4.wav;Intanto la Farnesina segue il caso della giovane italiana arrestata in Iran Alessia piperno.
539;10_04_2022_chunk_5.wav;Il calcio stasera la terza giornata dei gironi di Champions League, alle 21 l'Inter ospita il Barcellona, mentre il Napoli gioca in casa dell'Ajax. Ieri nel posticipo dell'ottava giornata di serie A, l'udinese ha battuto fuori casa il Verona.
540;10_04_2022_chunk_5.wav;I bianconeri ora terzi a un punto da Napoli e Atalanta.
541;10_04_2022_chunk_6.wav;E con questo è tutto il tg uno torna alle 13:30 buona giornata.
542;10_05_2022_chunk_1.wav;Buongiorno dal Tg uno l'emergenza energetica al Vertice dei ministri finanziari in Lussemburgo, i paesi europei si sono divisi sull'ipotesi di un dispositivo Shure per contrastare il caro bollette la proposta avanzata da Italia e Francia di un nuovo strumento di debito comune come quello attuato per contrastare il Covid.
543;10_05_2022_chunk_1.wav;Ha incontrato l'opposizione di Germania.
544;10_05_2022_chunk_1.wav;Olanda e Austria.
545;10_05_2022_chunk_1.wav;Via libera invece dall'Ecofin all'inserimento del Repower U, il fondo per l'autonomia energetica dell'Europa come capitolo dei piani di ripresa e.
546;10_05_2022_chunk_2.wav;In Ucraina scoperta un'altra camera delle torture nella regione di Kharkiv, mentre continua la controffensiva di Kiev, che riconquista territori anche nelle zone che la Russia considera annesse. Secondo il quotidiano britannico Times.
547;10_05_2022_chunk_2.wav;Putin prepara un test nucleare ai confini dell'Ucraina.
548;10_05_2022_chunk_2.wav;Ma Mosca smentisce.
549;10_05_2022_chunk_2.wav;Almeno 700.000 gli uomini che hanno lasciato la Russia per non arruolarsi.
550;10_05_2022_chunk_2.wav;Putin poco fa ha firmato la ratifica formale dell'annessione delle quattro regioni ucraine.
551;10_05_2022_chunk_3.wav;La multinazionale russa Gazprom ha fatto sapere di aver ripreso le forniture di gas attraverso l'Austria.
552;10_05_2022_chunk_3.wav;Principalmente dirette all'Italia.
553;10_05_2022_chunk_3.wav;E quanto viene riportato in una nota del colosso energetico che spiega come sia stata trovata una soluzione con gli acquirenti.
554;10_05_2022_chunk_4.wav;Con un'esercitazione congiunta Stati Uniti e Corea del Sud replicano alla provocazione di Pions Yang.
555;10_05_2022_chunk_4.wav;Che aveva lanciato un missile in sorvolo sul Giappone, sono stati sparati alcuni missili balistici, uno dei quali però è esploso e si è schiantato al suolo.
556;10_05_2022_chunk_4.wav;Panico tra gli abitanti della città costiera di gang Nyaung.
557;10_05_2022_chunk_4.wav;Lo stato maggiore di Seul ha ammesso che si è trattato di un incidente.
558;10_05_2022_chunk_5.wav;Calcio bene le italiane in Champions League, il Napoli travolge l'Ajax sei a uno.
559;10_05_2022_chunk_5.wav;Mentre l'Inter a San Siro si impone per uno a zero sul Barcellona.
560;10_05_2022_chunk_5.wav;Stasera si replica con Chelsea, Milan e Juventus Maccabi Haifa.
561;10_05_2022_chunk_6.wav;E tutto il TG uno torna alle 13:30 buona giornata.
562;10_06_2022_chunk_1.wav;Buongiorno dal TG uno, il caro energia sarà uno dei temi del Vertice informale dei capi di Stato e di governo europei che si apre oggi a Praga. Solo una risposta comune può ridurre i costi per le famiglie e le imprese, scrive la Presidente della Commissione von der Leyen. Siamo pronti a discutere l'introduzione di un tetto massimo del gas per la produzione di energia elettrica. Nella lettera indirizzata ai leader von der Leyen detta le linee di azione.
563;10_06_2022_chunk_1.wav;Negoziati con i paesi fornitori per ridurre il prezzo del gas una piattaforma di acquisti comune per non farsi concorrenza tra paesi membri. La ricerca di una quotazione del gas diversa dall'attuale TF.
564;10_06_2022_chunk_2.wav;In Ucraina prosegue la controffensiva di Kiev, che ha riconquistato diversi villaggi nella regione di Carson. Nella notte bombe russe nel distretto di Kharkiv e su alcuni edifici di Zaporozhye.
565;10_06_2022_chunk_2.wav;Uccisi dei civili, il Presidente Putin promette di stabilizzare i territori del Donbass di cui rivendica l'annessione e ha firmato il decreto che dichiara di proprietà russa la centrale nucleare di Zaporozhye.
566;10_06_2022_chunk_2.wav;Per chiv l'atto non è valido.
567;10_06_2022_chunk_3.wav;Sesto test missilistico della Corea del Nord che ieri sera ha lanciato altri due razzi a corto raggio verso il Mar del Giappone, dopo quello che due giorni fa aveva sorvolato il paese nipponico. gli Stati Uniti hanno condannato il nuovo lancio, definendolo una violazione della risoluzione del Consiglio di sicurezza dell'ONU e una minaccia alla.
568;10_06_2022_chunk_3.wav;Comunità internazionale.
569;10_06_2022_chunk_4.wav;Il Covid nell'ultima settimana crescono contagi e ricoveri, oltre 45.000 nuovi casi in un giorno, il tasso di positività e al 20,1% le vittime sono 43. Il numero dei pazienti ricoverati è salito quasi del 40% in soli 7 giorni. Gli esperti raccomandano la quarta dose a fragili e over 60.
570;10_06_2022_chunk_4.wav;In alcune regioni sono iniziate le somministrazioni del vaccino anti COVID e di quello influenzale in un'unica seduta, con priorità alle fasce di popolazione ritenute a rischio.
571;10_06_2022_chunk_5.wav;Il calcio Champions League, prima vittoria nel Girone per la Juventus che batte gli israeliani del Maccabi Haifa per tre a uno.
572;10_06_2022_chunk_5.wav;Brusco stop invece per il Milan, sconfitto a Londra dal Chelsea per tre a zero.
573;10_06_2022_chunk_5.wav;Stasera per Europa e Conference League in campo Roma, Lazio e Fiorentina.
574;10_06_2022_chunk_6.wav;Il TG uno torna alle 13:30, buon proseguimento di giornata su Rai Uno.
575;01_25_2022_chunk_1.wav;Buongiorno dal TG uno. Il centrodestra vince le elezioni politiche con il 44% dei consensi. Fratelli d'Italia primo partito al 26%, in forte calo la Lega, tiene Forza Italia nel Pd Enrico Letta, nunzi ricandiderà  a guidare il partito sceso al 19%. Il Movimento 5 stelle terzo partito e azioni Italia viva si ferma al 7 e 7 nelle regionali in Sicilia ha vinto Renato Schifani, candidato del centrodestra. 
576;01_25_2022_chunk_2.wav;Le reazioni internazionali dagli Stati Uniti il Segretario di Stato blinken definisce l'Italia un partner importante e si dice pronto a lavorare insieme alle sfide globali. Bruxelles esprime fiducia sulla cooperazione con il nuovo governo il Presidente francese Macron, rispetto per la scelta democratica degli italiani, continuare a lavorare insieme come europei.
577;01_25_2022_chunk_3.wav;In Russia non si fermano le proteste contro l'arruolamento di massa disposto da Putin. Decine di migliaia di persone giÃ  fuggite all'estero, mentre il Cremlino ammette qualche errore e per ora non chiude le frontiere. In Ucraina, pesanti bombardamenti russi su Miccoli Live e zaporozhye.
578;01_25_2022_chunk_4.wav;E stato un successo il primo esperimento di difesa planetaria promosso dalla NASA all'una e 15 di questa notte la sonda darth ha colpito l'asteroide dai Murphy per deviarne la traiettoria. L'operazione spaziale è stata documentata dal satellite li si ecuba di fabbricazione italiana. 
579;01_25_2022_chunk_6.wav;ed è tutto per questa edizione il TG uno torna alle 13
580;01_25_2022_chunk_5.wav;Il calcio Nations League l'Italia batte in trasferta l'Ungheria per due a zero e conquista il primo posto nel girone, le Final Four che si giocheranno a metÃ  giugno. Gol azzurri realizzati da raspadori e di Marco. 
581;01_26_2022_chunk_1.wav;Buongiorno dal tg uno, fumata nera dopo la prima giornata di voto per l'elezione del nuovo Presidente della Repubblica da parte dei 1008 grandi elettori, 672 le schede bianche, 49 le nulle. Oggi, a partire dalle 15 nuova votazione. Fino a domani è necessaria la maggioranza di 2/3 del Parlamento. Da giovedì la maggioranza assoluta.  
582;01_26_2022_chunk_2.wav;Ieri il confronto ha ricevuto nuovo impulso il Premier Draghi in colloqui separati, ha parlato con Salvini, Letta e Conte e incontri incrociati ci sono stati tra i leader dei partiti. Per superare lo stallo e arrivare a un nome condiviso. 
583;01_26_2022_chunk_3.wav;Si intensificano gli sforzi internazionali per trovare una soluzione diplomatica alla crisi Ucraina. Ieri seara video call del Presidente del Consiglio su iniziativa del Presidente degli Stati Uniti Biden, con i leader mondiali e i vertici dell'Unione europea e della NATO. Confermato il sostegno alla sovranità e all'integrità territoriale dell'Ucraina. 
584;01_26_2022_chunk_4.wav;La pandemia in Italia rallenta la circolazione del virus, per la prima volta dalla fine di ottobre scende il numero complessivo dei positivi. Il Commissario figliolo spiega, siamo arrivati al Plateau di Omicron. Inizia la discesa apertura nei confronti delle regioni su un'eventuale modifica sul sistema dei colori e sulla durata del Green pass. 
585;01_26_2022_chunk_5.wav;Siamo al tennis. Questa mattina alle 10 Matteo berrettini scende nuovamente in campo per affrontare il francese monfils nei quarti di finale degli Australian Open. Domani la sfida tra l'altro italiano Yannick Sinner e il greco Tsitsipas. 
586;01_26_2022_chunk_6.wav;Ed è tutto grazie per averci seguito. Il tg uno torna alle 8, buona giornata. 
587;01_27_2022_chunk_1.wav;Buongiorno dal TG uno, entra nel vivo la partita del Quirinale dopo i tre scrutini a maggioranza qualificata, da oggi scende a 505 voti il quorum per eleggere il nuovo capo dello Stato. Nello scrutinio di ieri ancora molte schede bianche, ma fino a tarda serata si sono susseguiti incontri e contatti tra gli schieramenti nel tentativo di individuare un candidato condiviso. 
588;01_27_2022_chunk_2.wav;L'andamento della pandemia comincia a scendere la curva a livello globale, rivela l'OMS in Italia ieri poco più di 167.200 i nuovi casi in calo recovery e terapie intensive, ma ancora molti decessi, oltre 400. Stabile il tasso di positività al 15 e 2%. Allo studio del governo. L'estensione della durata del Green pass per chi ha avuto tre dosi di vaccino. 
589;01_27_2022_chunk_3.wav;Resta aperta la via diplomatica tra Russia e Occidente sulla crisi in Ucraina. Stati Uniti e NATO hanno consegnato a Mosca le risposte scritte alle proposte russe sulla sicurezza. Kiev sia libera di scegliersi gli alleati, chiede la NATO. Intanto a Parigi si è tenuto il primo confronto tra emissari di Russia, Ucraina, Francia e Germania. Ma resta alta la tensione. 
590;01_27_2022_chunk_4.wav;Un dissidio tra fratelli, forse per l'eredità, è all'origine della strage avvenuta ieri a Licata, vicino Agrigento, dove un uomo, Angelo Tardino, imprenditore agricolo di 48 anni, ha ucciso il fratello Diego di 44 anni, la cognata e i nipoti di 15 e 11 anni e poi si è tolto la vita. Il paese è in lutto. 
591;01_27_2022_chunk_5.wav;In tutto il mondo si celebra oggi il giorno della memoria dell'Olocausto a Roma. Il presidente del Senato, il presidente della Camera, deporranno 1 kr di Fiori in largo. 16 ottobre 1943, luogo simbolo della deportazione degli ebrei romani. A riceverli, le autorità ebraiche e il rabbino Capo di Roma disegni. Il monito del Papa, non deve ripetersi mai più quella indicibile crudeltà. 
